,name,ndbno,gm,nutrient,nutrient_id,unit,value
0,"Abiyuch, raw",09427,69.0,Energy,208,kcal,79
1,"Abiyuch, raw",09427,8.55,"Sugars, total",269,g,9.75
2,"Abiyuch, raw",09427,0.1,Total lipid (fat),204,g,0.11
3,"Abiyuch, raw",09427,17.6,"Carbohydrate, by difference",205,g,20.06
4,"Acerola juice, raw",09002,23.0,Energy,208,kcal,56
5,"Acerola juice, raw",09002,4.5,"Sugars, total",269,g,10.89
6,"Acerola juice, raw",09002,0.3,Total lipid (fat),204,g,0.73
7,"Acerola juice, raw",09002,4.8,"Carbohydrate, by difference",205,g,11.62
8,"Acerola, (west indian cherry), raw",09001,32.0,Energy,208,kcal,31
9,"Acerola, (west indian cherry), raw",09001,--,"Sugars, total",269,g,--
10,"Acerola, (west indian cherry), raw",09001,0.3,Total lipid (fat),204,g,0.29
11,"Acerola, (west indian cherry), raw",09001,7.69,"Carbohydrate, by difference",205,g,7.54
12,"Alcoholic beverage, beer, light",14006,29.0,Energy,208,kcal,9
13,"Alcoholic beverage, beer, light",14006,0.09,"Sugars, total",269,g,0.03
14,"Alcoholic beverage, beer, light",14006,0.0,Total lipid (fat),204,g,0.00
15,"Alcoholic beverage, beer, light",14006,1.64,"Carbohydrate, by difference",205,g,0.48
16,"Alcoholic beverage, beer, light, BUD LIGHT",14007,29.0,Energy,208,kcal,9
17,"Alcoholic beverage, beer, light, BUD LIGHT",14007,--,"Sugars, total",269,g,--
18,"Alcoholic beverage, beer, light, BUD LIGHT",14007,0.0,Total lipid (fat),204,g,0.00
19,"Alcoholic beverage, beer, light, BUD LIGHT",14007,1.3,"Carbohydrate, by difference",205,g,0.38
20,"Alcoholic beverage, beer, light, BUDWEISER SELECT",14005,28.0,Energy,208,kcal,8
21,"Alcoholic beverage, beer, light, BUDWEISER SELECT",14005,--,"Sugars, total",269,g,--
22,"Alcoholic beverage, beer, light, BUDWEISER SELECT",14005,0.0,Total lipid (fat),204,g,0.00
23,"Alcoholic beverage, beer, light, BUDWEISER SELECT",14005,0.87,"Carbohydrate, by difference",205,g,0.26
24,"Alcoholic beverage, beer, light, higher alcohol",14248,46.0,Energy,208,kcal,164
25,"Alcoholic beverage, beer, light, higher alcohol",14248,0.09,"Sugars, total",269,g,0.32
26,"Alcoholic beverage, beer, light, higher alcohol",14248,0.0,Total lipid (fat),204,g,0.00
27,"Alcoholic beverage, beer, light, higher alcohol",14248,0.77,"Carbohydrate, by difference",205,g,2.74
28,"Alcoholic beverage, beer, light, low carb",14013,27.0,Energy,208,kcal,8
29,"Alcoholic beverage, beer, light, low carb",14013,--,"Sugars, total",269,g,--
30,"Alcoholic beverage, beer, light, low carb",14013,0.0,Total lipid (fat),204,g,0.00
31,"Alcoholic beverage, beer, light, low carb",14013,0.73,"Carbohydrate, by difference",205,g,0.22
32,"Alcoholic beverage, beer, regular, all",14003,43.0,Energy,208,kcal,13
33,"Alcoholic beverage, beer, regular, all",14003,--,"Sugars, total",269,g,--
34,"Alcoholic beverage, beer, regular, all",14003,0.0,Total lipid (fat),204,g,0.00
35,"Alcoholic beverage, beer, regular, all",14003,3.55,"Carbohydrate, by difference",205,g,1.05
36,"Alcoholic beverage, beer, regular, BUDWEISER",14004,41.0,Energy,208,kcal,12
37,"Alcoholic beverage, beer, regular, BUDWEISER",14004,--,"Sugars, total",269,g,--
38,"Alcoholic beverage, beer, regular, BUDWEISER",14004,0.0,Total lipid (fat),204,g,0.00
39,"Alcoholic beverage, beer, regular, BUDWEISER",14004,2.97,"Carbohydrate, by difference",205,g,0.89
40,"Alcoholic beverage, creme de menthe, 72 proof",14034,371.0,Energy,208,kcal,125
41,"Alcoholic beverage, creme de menthe, 72 proof",14034,--,"Sugars, total",269,g,--
42,"Alcoholic beverage, creme de menthe, 72 proof",14034,0.3,Total lipid (fat),204,g,0.10
43,"Alcoholic beverage, creme de menthe, 72 proof",14034,41.6,"Carbohydrate, by difference",205,g,13.98
44,"Alcoholic beverage, daiquiri, canned",14009,125.0,Energy,208,kcal,38
45,"Alcoholic beverage, daiquiri, canned",14009,--,"Sugars, total",269,g,--
46,"Alcoholic beverage, daiquiri, canned",14009,0.0,Total lipid (fat),204,g,0.00
47,"Alcoholic beverage, daiquiri, canned",14009,15.7,"Carbohydrate, by difference",205,g,4.79
48,"Alcoholic beverage, daiquiri, prepared-from-recipe",14010,186.0,Energy,208,kcal,56
49,"Alcoholic beverage, daiquiri, prepared-from-recipe",14010,5.58,"Sugars, total",269,g,1.69
50,"Alcoholic beverage, daiquiri, prepared-from-recipe",14010,0.06,Total lipid (fat),204,g,0.02
51,"Alcoholic beverage, daiquiri, prepared-from-recipe",14010,6.94,"Carbohydrate, by difference",205,g,2.10
52,"Alcoholic beverage, distilled, all (gin, rum, vodka, whiskey) 100 proof",14533,295.0,Energy,208,kcal,82
53,"Alcoholic beverage, distilled, all (gin, rum, vodka, whiskey) 100 proof",14533,--,"Sugars, total",269,g,--
54,"Alcoholic beverage, distilled, all (gin, rum, vodka, whiskey) 100 proof",14533,0.0,Total lipid (fat),204,g,0.00
55,"Alcoholic beverage, distilled, all (gin, rum, vodka, whiskey) 100 proof",14533,--,"Carbohydrate, by difference",205,g,--
56,"Alcoholic beverage, distilled, all (gin, rum, vodka, whiskey) 80 proof",14037,231.0,Energy,208,kcal,64
57,"Alcoholic beverage, distilled, all (gin, rum, vodka, whiskey) 80 proof",14037,--,"Sugars, total",269,g,--
58,"Alcoholic beverage, distilled, all (gin, rum, vodka, whiskey) 80 proof",14037,0.0,Total lipid (fat),204,g,0.00
59,"Alcoholic beverage, distilled, all (gin, rum, vodka, whiskey) 80 proof",14037,--,"Carbohydrate, by difference",205,g,--
60,"Alcoholic beverage, distilled, all (gin, rum, vodka, whiskey) 86 proof",14550,250.0,Energy,208,kcal,70
61,"Alcoholic beverage, distilled, all (gin, rum, vodka, whiskey) 86 proof",14550,--,"Sugars, total",269,g,--
62,"Alcoholic beverage, distilled, all (gin, rum, vodka, whiskey) 86 proof",14550,0.0,Total lipid (fat),204,g,0.00
63,"Alcoholic beverage, distilled, all (gin, rum, vodka, whiskey) 86 proof",14550,0.1,"Carbohydrate, by difference",205,g,0.03
64,"Alcoholic beverage, distilled, all (gin, rum, vodka, whiskey) 90 proof",14551,263.0,Energy,208,kcal,73
65,"Alcoholic beverage, distilled, all (gin, rum, vodka, whiskey) 90 proof",14551,--,"Sugars, total",269,g,--
66,"Alcoholic beverage, distilled, all (gin, rum, vodka, whiskey) 90 proof",14551,0.0,Total lipid (fat),204,g,0.00
67,"Alcoholic beverage, distilled, all (gin, rum, vodka, whiskey) 90 proof",14551,--,"Carbohydrate, by difference",205,g,--
68,"Alcoholic beverage, distilled, all (gin, rum, vodka, whiskey) 94 proof",14532,275.0,Energy,208,kcal,76
69,"Alcoholic beverage, distilled, all (gin, rum, vodka, whiskey) 94 proof",14532,--,"Sugars, total",269,g,--
70,"Alcoholic beverage, distilled, all (gin, rum, vodka, whiskey) 94 proof",14532,0.0,Total lipid (fat),204,g,0.00
71,"Alcoholic beverage, distilled, all (gin, rum, vodka, whiskey) 94 proof",14532,--,"Carbohydrate, by difference",205,g,--
72,"Alcoholic beverage, distilled, gin, 90 proof",14049,263.0,Energy,208,kcal,73
73,"Alcoholic beverage, distilled, gin, 90 proof",14049,--,"Sugars, total",269,g,--
74,"Alcoholic beverage, distilled, gin, 90 proof",14049,0.0,Total lipid (fat),204,g,0.00
75,"Alcoholic beverage, distilled, gin, 90 proof",14049,--,"Carbohydrate, by difference",205,g,--
76,"Alcoholic beverage, distilled, rum, 80 proof",14050,231.0,Energy,208,kcal,64
77,"Alcoholic beverage, distilled, rum, 80 proof",14050,--,"Sugars, total",269,g,--
78,"Alcoholic beverage, distilled, rum, 80 proof",14050,0.0,Total lipid (fat),204,g,0.00
79,"Alcoholic beverage, distilled, rum, 80 proof",14050,--,"Carbohydrate, by difference",205,g,--
80,"Alcoholic beverage, distilled, vodka, 80 proof",14051,231.0,Energy,208,kcal,64
81,"Alcoholic beverage, distilled, vodka, 80 proof",14051,--,"Sugars, total",269,g,--
82,"Alcoholic beverage, distilled, vodka, 80 proof",14051,0.0,Total lipid (fat),204,g,0.00
83,"Alcoholic beverage, distilled, vodka, 80 proof",14051,--,"Carbohydrate, by difference",205,g,--
84,"Alcoholic beverage, distilled, whiskey, 86 proof",14052,250.0,Energy,208,kcal,70
85,"Alcoholic beverage, distilled, whiskey, 86 proof",14052,--,"Sugars, total",269,g,--
86,"Alcoholic beverage, distilled, whiskey, 86 proof",14052,0.0,Total lipid (fat),204,g,0.00
87,"Alcoholic beverage, distilled, whiskey, 86 proof",14052,0.1,"Carbohydrate, by difference",205,g,0.03
88,"Alcoholic beverage, liqueur, coffee with cream, 34 proof",14415,327.0,Energy,208,kcal,102
89,"Alcoholic beverage, liqueur, coffee with cream, 34 proof",14415,19.76,"Sugars, total",269,g,6.15
90,"Alcoholic beverage, liqueur, coffee with cream, 34 proof",14415,15.7,Total lipid (fat),204,g,4.88
91,"Alcoholic beverage, liqueur, coffee with cream, 34 proof",14415,20.9,"Carbohydrate, by difference",205,g,6.50
92,"Alcoholic beverage, liqueur, coffee, 53 proof",14414,336.0,Energy,208,kcal,117
93,"Alcoholic beverage, liqueur, coffee, 53 proof",14414,38.3,"Sugars, total",269,g,13.33
94,"Alcoholic beverage, liqueur, coffee, 53 proof",14414,0.3,Total lipid (fat),204,g,0.10
95,"Alcoholic beverage, liqueur, coffee, 53 proof",14414,46.8,"Carbohydrate, by difference",205,g,16.29
96,"Alcoholic beverage, liqueur, coffee, 63 proof",14534,308.0,Energy,208,kcal,107
97,"Alcoholic beverage, liqueur, coffee, 63 proof",14534,--,"Sugars, total",269,g,--
98,"Alcoholic beverage, liqueur, coffee, 63 proof",14534,0.3,Total lipid (fat),204,g,0.10
99,"Alcoholic beverage, liqueur, coffee, 63 proof",14534,32.2,"Carbohydrate, by difference",205,g,11.21
100,"Alcoholic beverage, malt beer, hard lemonade",14239,68.0,Energy,208,kcal,228
101,"Alcoholic beverage, malt beer, hard lemonade",14239,9.77,"Sugars, total",269,g,32.73
102,"Alcoholic beverage, malt beer, hard lemonade",14239,0.0,Total lipid (fat),204,g,0.00
103,"Alcoholic beverage, malt beer, hard lemonade",14239,10.07,"Carbohydrate, by difference",205,g,33.73
104,"Alcoholic beverage, pina colada, canned",14015,237.0,Energy,208,kcal,77
105,"Alcoholic beverage, pina colada, canned",14015,--,"Sugars, total",269,g,--
106,"Alcoholic beverage, pina colada, canned",14015,7.6,Total lipid (fat),204,g,2.48
107,"Alcoholic beverage, pina colada, canned",14015,27.6,"Carbohydrate, by difference",205,g,9.00
108,"Alcoholic beverage, pina colada, prepared-from-recipe",14017,174.0,Energy,208,kcal,55
109,"Alcoholic beverage, pina colada, prepared-from-recipe",14017,22.33,"Sugars, total",269,g,7.01
110,"Alcoholic beverage, pina colada, prepared-from-recipe",14017,1.88,Total lipid (fat),204,g,0.59
111,"Alcoholic beverage, pina colada, prepared-from-recipe",14017,22.66,"Carbohydrate, by difference",205,g,7.12
112,"Alcoholic beverage, rice (sake)",43479,134.0,Energy,208,kcal,39
113,"Alcoholic beverage, rice (sake)",43479,--,"Sugars, total",269,g,--
114,"Alcoholic beverage, rice (sake)",43479,0.0,Total lipid (fat),204,g,0.00
115,"Alcoholic beverage, rice (sake)",43479,5.0,"Carbohydrate, by difference",205,g,1.46
116,"Alcoholic beverage, tequila sunrise, canned",14019,110.0,Energy,208,kcal,34
117,"Alcoholic beverage, tequila sunrise, canned",14019,--,"Sugars, total",269,g,--
118,"Alcoholic beverage, tequila sunrise, canned",14019,0.1,Total lipid (fat),204,g,0.03
119,"Alcoholic beverage, tequila sunrise, canned",14019,11.3,"Carbohydrate, by difference",205,g,3.51
120,"Alcoholic beverage, whiskey sour",14531,149.0,Energy,208,kcal,45
121,"Alcoholic beverage, whiskey sour",14531,--,"Sugars, total",269,g,--
122,"Alcoholic beverage, whiskey sour",14531,0.03,Total lipid (fat),204,g,0.01
123,"Alcoholic beverage, whiskey sour",14531,13.17,"Carbohydrate, by difference",205,g,4.00
124,"Alcoholic beverage, whiskey sour, canned",14027,119.0,Energy,208,kcal,37
125,"Alcoholic beverage, whiskey sour, canned",14027,--,"Sugars, total",269,g,--
126,"Alcoholic beverage, whiskey sour, canned",14027,0.0,Total lipid (fat),204,g,0.00
127,"Alcoholic beverage, whiskey sour, canned",14027,13.4,"Carbohydrate, by difference",205,g,4.13
128,"Alcoholic beverage, whiskey sour, prepared from item 14028",14029,153.0,Energy,208,kcal,47
129,"Alcoholic beverage, whiskey sour, prepared from item 14028",14029,12.78,"Sugars, total",269,g,3.89
130,"Alcoholic beverage, whiskey sour, prepared from item 14028",14029,0.06,Total lipid (fat),204,g,0.02
131,"Alcoholic beverage, whiskey sour, prepared from item 14028",14029,12.82,"Carbohydrate, by difference",205,g,3.90
132,"Alcoholic beverage, whiskey sour, prepared with water, whiskey and powder mix",14025,164.0,Energy,208,kcal,48
133,"Alcoholic beverage, whiskey sour, prepared with water, whiskey and powder mix",14025,15.81,"Sugars, total",269,g,4.65
134,"Alcoholic beverage, whiskey sour, prepared with water, whiskey and powder mix",14025,0.02,Total lipid (fat),204,g,0.01
135,"Alcoholic beverage, whiskey sour, prepared with water, whiskey and powder mix",14025,15.85,"Carbohydrate, by difference",205,g,4.66
136,"Alcoholic beverage, wine, cooking",43154,50.0,Energy,208,kcal,2
137,"Alcoholic beverage, wine, cooking",43154,1.55,"Sugars, total",269,g,0.08
138,"Alcoholic beverage, wine, cooking",43154,0.0,Total lipid (fat),204,g,0.00
139,"Alcoholic beverage, wine, cooking",43154,6.3,"Carbohydrate, by difference",205,g,0.31
140,"Alcoholic beverage, wine, dessert, dry",14536,152.0,Energy,208,kcal,45
141,"Alcoholic beverage, wine, dessert, dry",14536,1.09,"Sugars, total",269,g,0.32
142,"Alcoholic beverage, wine, dessert, dry",14536,0.0,Total lipid (fat),204,g,0.00
143,"Alcoholic beverage, wine, dessert, dry",14536,11.67,"Carbohydrate, by difference",205,g,3.44
144,"Alcoholic beverage, wine, dessert, sweet",14057,160.0,Energy,208,kcal,47
145,"Alcoholic beverage, wine, dessert, sweet",14057,7.78,"Sugars, total",269,g,2.30
146,"Alcoholic beverage, wine, dessert, sweet",14057,0.0,Total lipid (fat),204,g,0.00
147,"Alcoholic beverage, wine, dessert, sweet",14057,13.69,"Carbohydrate, by difference",205,g,4.04
148,"Alcoholic beverage, wine, light",43155,49.0,Energy,208,kcal,14
149,"Alcoholic beverage, wine, light",43155,1.15,"Sugars, total",269,g,0.34
150,"Alcoholic beverage, wine, light",43155,0.0,Total lipid (fat),204,g,0.00
151,"Alcoholic beverage, wine, light",43155,1.17,"Carbohydrate, by difference",205,g,0.35
152,"Alcoholic beverage, wine, table, all",14084,83.0,Energy,208,kcal,123
153,"Alcoholic beverage, wine, table, all",14084,0.79,"Sugars, total",269,g,1.17
154,"Alcoholic beverage, wine, table, all",14084,0.0,Total lipid (fat),204,g,0.00
155,"Alcoholic beverage, wine, table, all",14084,2.72,"Carbohydrate, by difference",205,g,4.03
156,"Alcoholic beverage, wine, table, red",14096,85.0,Energy,208,kcal,25
157,"Alcoholic beverage, wine, table, red",14096,0.62,"Sugars, total",269,g,0.18
158,"Alcoholic beverage, wine, table, red",14096,0.0,Total lipid (fat),204,g,0.00
159,"Alcoholic beverage, wine, table, red",14096,2.61,"Carbohydrate, by difference",205,g,0.77
160,"Alcoholic Beverage, wine, table, red, Barbera",14101,85.0,Energy,208,kcal,25
161,"Alcoholic Beverage, wine, table, red, Barbera",14101,--,"Sugars, total",269,g,--
162,"Alcoholic Beverage, wine, table, red, Barbera",14101,0.0,Total lipid (fat),204,g,0.00
163,"Alcoholic Beverage, wine, table, red, Barbera",14101,2.79,"Carbohydrate, by difference",205,g,0.82
164,"Alcoholic Beverage, wine, table, red, Burgundy",14152,86.0,Energy,208,kcal,25
165,"Alcoholic Beverage, wine, table, red, Burgundy",14152,--,"Sugars, total",269,g,--
166,"Alcoholic Beverage, wine, table, red, Burgundy",14152,0.0,Total lipid (fat),204,g,0.00
167,"Alcoholic Beverage, wine, table, red, Burgundy",14152,3.69,"Carbohydrate, by difference",205,g,1.09
168,"Alcoholic Beverage, wine, table, red, Cabernet Franc",14098,83.0,Energy,208,kcal,24
169,"Alcoholic Beverage, wine, table, red, Cabernet Franc",14098,--,"Sugars, total",269,g,--
170,"Alcoholic Beverage, wine, table, red, Cabernet Franc",14098,0.0,Total lipid (fat),204,g,0.00
171,"Alcoholic Beverage, wine, table, red, Cabernet Franc",14098,2.45,"Carbohydrate, by difference",205,g,0.72
172,"Alcoholic Beverage, wine, table, red, Cabernet Sauvignon",14097,83.0,Energy,208,kcal,24
173,"Alcoholic Beverage, wine, table, red, Cabernet Sauvignon",14097,--,"Sugars, total",269,g,--
174,"Alcoholic Beverage, wine, table, red, Cabernet Sauvignon",14097,0.0,Total lipid (fat),204,g,0.00
175,"Alcoholic Beverage, wine, table, red, Cabernet Sauvignon",14097,2.6,"Carbohydrate, by difference",205,g,0.76
176,"Alcoholic Beverage, wine, table, red, Carignane",14109,74.0,Energy,208,kcal,22
177,"Alcoholic Beverage, wine, table, red, Carignane",14109,--,"Sugars, total",269,g,--
178,"Alcoholic Beverage, wine, table, red, Carignane",14109,0.0,Total lipid (fat),204,g,0.00
179,"Alcoholic Beverage, wine, table, red, Carignane",14109,2.4,"Carbohydrate, by difference",205,g,0.71
180,"Alcoholic Beverage, wine, table, red, Claret",14105,83.0,Energy,208,kcal,24
181,"Alcoholic Beverage, wine, table, red, Claret",14105,--,"Sugars, total",269,g,--
182,"Alcoholic Beverage, wine, table, red, Claret",14105,0.0,Total lipid (fat),204,g,0.00
183,"Alcoholic Beverage, wine, table, red, Claret",14105,3.01,"Carbohydrate, by difference",205,g,0.88
184,"Alcoholic Beverage, wine, table, red, Gamay",14158,78.0,Energy,208,kcal,23
185,"Alcoholic Beverage, wine, table, red, Gamay",14158,--,"Sugars, total",269,g,--
186,"Alcoholic Beverage, wine, table, red, Gamay",14158,0.0,Total lipid (fat),204,g,0.00
187,"Alcoholic Beverage, wine, table, red, Gamay",14158,2.38,"Carbohydrate, by difference",205,g,0.70
188,"Alcoholic Beverage, wine, table, red, Lemberger",14107,80.0,Energy,208,kcal,24
189,"Alcoholic Beverage, wine, table, red, Lemberger",14107,--,"Sugars, total",269,g,--
190,"Alcoholic Beverage, wine, table, red, Lemberger",14107,0.0,Total lipid (fat),204,g,0.00
191,"Alcoholic Beverage, wine, table, red, Lemberger",14107,2.46,"Carbohydrate, by difference",205,g,0.72
192,"Alcoholic Beverage, wine, table, red, Merlot",14602,83.0,Energy,208,kcal,24
193,"Alcoholic Beverage, wine, table, red, Merlot",14602,0.62,"Sugars, total",269,g,0.18
194,"Alcoholic Beverage, wine, table, red, Merlot",14602,0.0,Total lipid (fat),204,g,0.00
195,"Alcoholic Beverage, wine, table, red, Merlot",14602,2.51,"Carbohydrate, by difference",205,g,0.74
196,"Alcoholic Beverage, wine, table, red, Mouvedre",14159,88.0,Energy,208,kcal,26
197,"Alcoholic Beverage, wine, table, red, Mouvedre",14159,--,"Sugars, total",269,g,--
198,"Alcoholic Beverage, wine, table, red, Mouvedre",14159,0.0,Total lipid (fat),204,g,0.00
199,"Alcoholic Beverage, wine, table, red, Mouvedre",14159,2.64,"Carbohydrate, by difference",205,g,0.78
200,"Alcoholic Beverage, wine, table, red, Petite Sirah",14103,85.0,Energy,208,kcal,25
201,"Alcoholic Beverage, wine, table, red, Petite Sirah",14103,--,"Sugars, total",269,g,--
202,"Alcoholic Beverage, wine, table, red, Petite Sirah",14103,0.0,Total lipid (fat),204,g,0.00
203,"Alcoholic Beverage, wine, table, red, Petite Sirah",14103,2.68,"Carbohydrate, by difference",205,g,0.79
204,"Alcoholic Beverage, wine, table, red, Pinot Noir",14099,82.0,Energy,208,kcal,24
205,"Alcoholic Beverage, wine, table, red, Pinot Noir",14099,--,"Sugars, total",269,g,--
206,"Alcoholic Beverage, wine, table, red, Pinot Noir",14099,0.0,Total lipid (fat),204,g,0.00
207,"Alcoholic Beverage, wine, table, red, Pinot Noir",14099,2.31,"Carbohydrate, by difference",205,g,0.68
208,"Alcoholic Beverage, wine, table, red, Sangiovese",14108,86.0,Energy,208,kcal,25
209,"Alcoholic Beverage, wine, table, red, Sangiovese",14108,--,"Sugars, total",269,g,--
210,"Alcoholic Beverage, wine, table, red, Sangiovese",14108,0.0,Total lipid (fat),204,g,0.00
211,"Alcoholic Beverage, wine, table, red, Sangiovese",14108,2.62,"Carbohydrate, by difference",205,g,0.77
212,"Alcoholic Beverage, wine, table, red, Syrah",14100,83.0,Energy,208,kcal,24
213,"Alcoholic Beverage, wine, table, red, Syrah",14100,--,"Sugars, total",269,g,--
214,"Alcoholic Beverage, wine, table, red, Syrah",14100,0.0,Total lipid (fat),204,g,0.00
215,"Alcoholic Beverage, wine, table, red, Syrah",14100,2.58,"Carbohydrate, by difference",205,g,0.76
216,"Alcoholic Beverage, wine, table, red, Zinfandel",14102,88.0,Energy,208,kcal,26
217,"Alcoholic Beverage, wine, table, red, Zinfandel",14102,--,"Sugars, total",269,g,--
218,"Alcoholic Beverage, wine, table, red, Zinfandel",14102,0.0,Total lipid (fat),204,g,0.00
219,"Alcoholic Beverage, wine, table, red, Zinfandel",14102,2.86,"Carbohydrate, by difference",205,g,0.84
220,"Alcoholic beverage, wine, table, white",14106,82.0,Energy,208,kcal,24
221,"Alcoholic beverage, wine, table, white",14106,0.96,"Sugars, total",269,g,0.28
222,"Alcoholic beverage, wine, table, white",14106,0.0,Total lipid (fat),204,g,0.00
223,"Alcoholic beverage, wine, table, white",14106,2.6,"Carbohydrate, by difference",205,g,0.76
224,"Alcoholic beverage, wine, table, white, Chardonnay",14160,84.0,Energy,208,kcal,25
225,"Alcoholic beverage, wine, table, white, Chardonnay",14160,0.96,"Sugars, total",269,g,0.28
226,"Alcoholic beverage, wine, table, white, Chardonnay",14160,0.0,Total lipid (fat),204,g,0.00
227,"Alcoholic beverage, wine, table, white, Chardonnay",14160,2.16,"Carbohydrate, by difference",205,g,0.63
228,"Alcoholic beverage, wine, table, white, Chenin Blanc",14116,80.0,Energy,208,kcal,24
229,"Alcoholic beverage, wine, table, white, Chenin Blanc",14116,--,"Sugars, total",269,g,--
230,"Alcoholic beverage, wine, table, white, Chenin Blanc",14116,0.0,Total lipid (fat),204,g,0.00
231,"Alcoholic beverage, wine, table, white, Chenin Blanc",14116,3.31,"Carbohydrate, by difference",205,g,0.98
232,"Alcoholic beverage, wine, table, white, Fume Blanc",14117,82.0,Energy,208,kcal,24
233,"Alcoholic beverage, wine, table, white, Fume Blanc",14117,--,"Sugars, total",269,g,--
234,"Alcoholic beverage, wine, table, white, Fume Blanc",14117,0.0,Total lipid (fat),204,g,0.00
235,"Alcoholic beverage, wine, table, white, Fume Blanc",14117,2.27,"Carbohydrate, by difference",205,g,0.67
236,"Alcoholic beverage, wine, table, white, Gewurztraminer",14124,81.0,Energy,208,kcal,24
237,"Alcoholic beverage, wine, table, white, Gewurztraminer",14124,--,"Sugars, total",269,g,--
238,"Alcoholic beverage, wine, table, white, Gewurztraminer",14124,0.0,Total lipid (fat),204,g,0.00
239,"Alcoholic beverage, wine, table, white, Gewurztraminer",14124,2.6,"Carbohydrate, by difference",205,g,0.77
240,"Alcoholic beverage, wine, table, white, late harvest",14135,112.0,Energy,208,kcal,34
241,"Alcoholic beverage, wine, table, white, late harvest",14135,--,"Sugars, total",269,g,--
242,"Alcoholic beverage, wine, table, white, late harvest",14135,0.0,Total lipid (fat),204,g,0.00
243,"Alcoholic beverage, wine, table, white, late harvest",14135,13.39,"Carbohydrate, by difference",205,g,4.12
244,"Alcoholic beverage, wine, table, white, late harvest, Gewurztraminer",14125,108.0,Energy,208,kcal,33
245,"Alcoholic beverage, wine, table, white, late harvest, Gewurztraminer",14125,--,"Sugars, total",269,g,--
246,"Alcoholic beverage, wine, table, white, late harvest, Gewurztraminer",14125,0.0,Total lipid (fat),204,g,0.00
247,"Alcoholic beverage, wine, table, white, late harvest, Gewurztraminer",14125,11.39,"Carbohydrate, by difference",205,g,3.47
248,"Alcoholic beverage, wine, table, white, Muller Thurgau",14120,76.0,Energy,208,kcal,22
249,"Alcoholic beverage, wine, table, white, Muller Thurgau",14120,--,"Sugars, total",269,g,--
250,"Alcoholic beverage, wine, table, white, Muller Thurgau",14120,0.0,Total lipid (fat),204,g,0.00
251,"Alcoholic beverage, wine, table, white, Muller Thurgau",14120,3.48,"Carbohydrate, by difference",205,g,1.03
252,"Alcoholic beverage, wine, table, white, Muscat",14140,82.0,Energy,208,kcal,25
253,"Alcoholic beverage, wine, table, white, Muscat",14140,--,"Sugars, total",269,g,--
254,"Alcoholic beverage, wine, table, white, Muscat",14140,0.0,Total lipid (fat),204,g,0.00
255,"Alcoholic beverage, wine, table, white, Muscat",14140,5.23,"Carbohydrate, by difference",205,g,1.57
256,"Alcoholic beverage, wine, table, white, Pinot Blanc",14138,81.0,Energy,208,kcal,24
257,"Alcoholic beverage, wine, table, white, Pinot Blanc",14138,--,"Sugars, total",269,g,--
258,"Alcoholic beverage, wine, table, white, Pinot Blanc",14138,0.0,Total lipid (fat),204,g,0.00
259,"Alcoholic beverage, wine, table, white, Pinot Blanc",14138,1.94,"Carbohydrate, by difference",205,g,0.57
260,"Alcoholic beverage, wine, table, white, Pinot Gris (Grigio)",14113,83.0,Energy,208,kcal,24
261,"Alcoholic beverage, wine, table, white, Pinot Gris (Grigio)",14113,--,"Sugars, total",269,g,--
262,"Alcoholic beverage, wine, table, white, Pinot Gris (Grigio)",14113,0.0,Total lipid (fat),204,g,0.00
263,"Alcoholic beverage, wine, table, white, Pinot Gris (Grigio)",14113,2.06,"Carbohydrate, by difference",205,g,0.60
264,"Alcoholic beverage, wine, table, white, Riesling",14132,80.0,Energy,208,kcal,24
265,"Alcoholic beverage, wine, table, white, Riesling",14132,--,"Sugars, total",269,g,--
266,"Alcoholic beverage, wine, table, white, Riesling",14132,0.0,Total lipid (fat),204,g,0.00
267,"Alcoholic beverage, wine, table, white, Riesling",14132,3.74,"Carbohydrate, by difference",205,g,1.11
268,"Alcoholic beverage, wine, table, white, Sauvignon Blanc",14134,81.0,Energy,208,kcal,24
269,"Alcoholic beverage, wine, table, white, Sauvignon Blanc",14134,--,"Sugars, total",269,g,--
270,"Alcoholic beverage, wine, table, white, Sauvignon Blanc",14134,0.0,Total lipid (fat),204,g,0.00
271,"Alcoholic beverage, wine, table, white, Sauvignon Blanc",14134,2.05,"Carbohydrate, by difference",205,g,0.60
272,"Alcoholic beverage, wine, table, white, Semillon",14126,82.0,Energy,208,kcal,24
273,"Alcoholic beverage, wine, table, white, Semillon",14126,--,"Sugars, total",269,g,--
274,"Alcoholic beverage, wine, table, white, Semillon",14126,0.0,Total lipid (fat),204,g,0.00
275,"Alcoholic beverage, wine, table, white, Semillon",14126,3.12,"Carbohydrate, by difference",205,g,0.92
276,"Alcoholic beverages, beer, higher alcohol",14251,58.0,Energy,208,kcal,18
277,"Alcoholic beverages, beer, higher alcohol",14251,--,"Sugars, total",269,g,--
278,"Alcoholic beverages, beer, higher alcohol",14251,0.0,Total lipid (fat),204,g,0.00
279,"Alcoholic beverages, beer, higher alcohol",14251,0.27,"Carbohydrate, by difference",205,g,0.08
280,"Alcoholic beverages, wine, rose",14253,83.0,Energy,208,kcal,25
281,"Alcoholic beverages, wine, rose",14253,--,"Sugars, total",269,g,--
282,"Alcoholic beverages, wine, rose",14253,0.0,Total lipid (fat),204,g,0.00
283,"Alcoholic beverages, wine, rose",14253,3.8,"Carbohydrate, by difference",205,g,1.15
284,"Alfalfa seeds, sprouted, raw",11001,23.0,Energy,208,kcal,8
285,"Alfalfa seeds, sprouted, raw",11001,0.2,"Sugars, total",269,g,0.07
286,"Alfalfa seeds, sprouted, raw",11001,0.69,Total lipid (fat),204,g,0.23
287,"Alfalfa seeds, sprouted, raw",11001,2.1,"Carbohydrate, by difference",205,g,0.69
288,"Amaranth grain, cooked",20002,102.0,Energy,208,kcal,251
289,"Amaranth grain, cooked",20002,--,"Sugars, total",269,g,--
290,"Amaranth grain, cooked",20002,1.58,Total lipid (fat),204,g,3.89
291,"Amaranth grain, cooked",20002,18.69,"Carbohydrate, by difference",205,g,45.98
292,"Amaranth grain, uncooked",20001,371.0,Energy,208,kcal,716
293,"Amaranth grain, uncooked",20001,1.69,"Sugars, total",269,g,3.26
294,"Amaranth grain, uncooked",20001,7.02,Total lipid (fat),204,g,13.55
295,"Amaranth grain, uncooked",20001,65.25,"Carbohydrate, by difference",205,g,125.93
296,"Amaranth leaves, cooked, boiled, drained, with salt",11700,21.0,Energy,208,kcal,28
297,"Amaranth leaves, cooked, boiled, drained, with salt",11700,--,"Sugars, total",269,g,--
298,"Amaranth leaves, cooked, boiled, drained, with salt",11700,0.18,Total lipid (fat),204,g,0.24
299,"Amaranth leaves, cooked, boiled, drained, with salt",11700,4.11,"Carbohydrate, by difference",205,g,5.43
300,"Amaranth leaves, cooked, boiled, drained, without salt",11004,21.0,Energy,208,kcal,28
301,"Amaranth leaves, cooked, boiled, drained, without salt",11004,--,"Sugars, total",269,g,--
302,"Amaranth leaves, cooked, boiled, drained, without salt",11004,0.18,Total lipid (fat),204,g,0.24
303,"Amaranth leaves, cooked, boiled, drained, without salt",11004,4.11,"Carbohydrate, by difference",205,g,5.43
304,"Amaranth leaves, raw",11003,23.0,Energy,208,kcal,6
305,"Amaranth leaves, raw",11003,--,"Sugars, total",269,g,--
306,"Amaranth leaves, raw",11003,0.33,Total lipid (fat),204,g,0.09
307,"Amaranth leaves, raw",11003,4.02,"Carbohydrate, by difference",205,g,1.13
308,"ANDREA'S, Gluten Free Soft Dinner Roll",28354,257.0,Energy,208,kcal,177
309,"ANDREA'S, Gluten Free Soft Dinner Roll",28354,2.98,"Sugars, total",269,g,2.06
310,"ANDREA'S, Gluten Free Soft Dinner Roll",28354,8.2,Total lipid (fat),204,g,5.66
311,"ANDREA'S, Gluten Free Soft Dinner Roll",28354,40.24,"Carbohydrate, by difference",205,g,27.77
312,"Animal fat, bacon grease",04609,897.0,Energy,208,kcal,39
313,"Animal fat, bacon grease",04609,--,"Sugars, total",269,g,--
314,"Animal fat, bacon grease",04609,99.5,Total lipid (fat),204,g,4.28
315,"Animal fat, bacon grease",04609,0.0,"Carbohydrate, by difference",205,g,0.00
316,"Apple juice, canned or bottled, unsweetened, with added ascorbic acid",09400,46.0,Energy,208,kcal,114
317,"Apple juice, canned or bottled, unsweetened, with added ascorbic acid",09400,9.62,"Sugars, total",269,g,23.86
318,"Apple juice, canned or bottled, unsweetened, with added ascorbic acid",09400,0.13,Total lipid (fat),204,g,0.32
319,"Apple juice, canned or bottled, unsweetened, with added ascorbic acid",09400,11.3,"Carbohydrate, by difference",205,g,28.02
320,"Apple juice, canned or bottled, unsweetened, with added ascorbic acid, calcium, and potassium",09517,48.0,Energy,208,kcal,85
321,"Apple juice, canned or bottled, unsweetened, with added ascorbic acid, calcium, and potassium",09517,9.47,"Sugars, total",269,g,16.76
322,"Apple juice, canned or bottled, unsweetened, with added ascorbic acid, calcium, and potassium",09517,0.17,Total lipid (fat),204,g,0.30
323,"Apple juice, canned or bottled, unsweetened, with added ascorbic acid, calcium, and potassium",09517,11.49,"Carbohydrate, by difference",205,g,20.34
324,"Apple juice, canned or bottled, unsweetened, without added ascorbic acid",09016,46.0,Energy,208,kcal,114
325,"Apple juice, canned or bottled, unsweetened, without added ascorbic acid",09016,9.62,"Sugars, total",269,g,23.86
326,"Apple juice, canned or bottled, unsweetened, without added ascorbic acid",09016,0.13,Total lipid (fat),204,g,0.32
327,"Apple juice, canned or bottled, unsweetened, without added ascorbic acid",09016,11.3,"Carbohydrate, by difference",205,g,28.02
328,"Apple juice, frozen concentrate, unsweetened, diluted with 3 volume water without added ascorbic acid",09018,47.0,Energy,208,kcal,112
329,"Apple juice, frozen concentrate, unsweetened, diluted with 3 volume water without added ascorbic acid",09018,10.93,"Sugars, total",269,g,26.12
330,"Apple juice, frozen concentrate, unsweetened, diluted with 3 volume water without added ascorbic acid",09018,0.1,Total lipid (fat),204,g,0.24
331,"Apple juice, frozen concentrate, unsweetened, diluted with 3 volume water without added ascorbic acid",09018,11.54,"Carbohydrate, by difference",205,g,27.58
332,"Apple juice, frozen concentrate, unsweetened, diluted with 3 volume water, with added ascorbic acid",09411,47.0,Energy,208,kcal,112
333,"Apple juice, frozen concentrate, unsweetened, diluted with 3 volume water, with added ascorbic acid",09411,--,"Sugars, total",269,g,--
334,"Apple juice, frozen concentrate, unsweetened, diluted with 3 volume water, with added ascorbic acid",09411,0.1,Total lipid (fat),204,g,0.24
335,"Apple juice, frozen concentrate, unsweetened, diluted with 3 volume water, with added ascorbic acid",09411,11.54,"Carbohydrate, by difference",205,g,27.58
336,"Apple juice, frozen concentrate, unsweetened, undiluted, with added ascorbic acid",09410,166.0,Energy,208,kcal,350
337,"Apple juice, frozen concentrate, unsweetened, undiluted, with added ascorbic acid",09410,38.83,"Sugars, total",269,g,81.93
338,"Apple juice, frozen concentrate, unsweetened, undiluted, with added ascorbic acid",09410,0.37,Total lipid (fat),204,g,0.78
339,"Apple juice, frozen concentrate, unsweetened, undiluted, with added ascorbic acid",09410,41.0,"Carbohydrate, by difference",205,g,86.51
340,"Apple juice, frozen concentrate, unsweetened, undiluted, without added ascorbic acid",09017,166.0,Energy,208,kcal,350
341,"Apple juice, frozen concentrate, unsweetened, undiluted, without added ascorbic acid",09017,38.83,"Sugars, total",269,g,81.93
342,"Apple juice, frozen concentrate, unsweetened, undiluted, without added ascorbic acid",09017,0.37,Total lipid (fat),204,g,0.78
343,"Apple juice, frozen concentrate, unsweetened, undiluted, without added ascorbic acid",09017,41.0,"Carbohydrate, by difference",205,g,86.51
344,"APPLEBEE'S, 9 oz house sirloin steak",36000,189.0,Energy,208,kcal,297
345,"APPLEBEE'S, 9 oz house sirloin steak",36000,--,"Sugars, total",269,g,--
346,"APPLEBEE'S, 9 oz house sirloin steak",36000,9.08,Total lipid (fat),204,g,14.26
347,"APPLEBEE'S, 9 oz house sirloin steak",36000,0.0,"Carbohydrate, by difference",205,g,0.00
348,"APPLEBEE'S, chicken tenders platter",36023,297.0,Energy,208,kcal,621
349,"APPLEBEE'S, chicken tenders platter",36023,0.36,"Sugars, total",269,g,0.75
350,"APPLEBEE'S, chicken tenders platter",36023,16.24,Total lipid (fat),204,g,33.94
351,"APPLEBEE'S, chicken tenders platter",36023,17.98,"Carbohydrate, by difference",205,g,37.58
352,"APPLEBEE'S, chicken tenders, from kids' menu",36005,296.0,Energy,208,kcal,104
353,"APPLEBEE'S, chicken tenders, from kids' menu",36005,0.39,"Sugars, total",269,g,0.14
354,"APPLEBEE'S, chicken tenders, from kids' menu",36005,16.15,Total lipid (fat),204,g,5.65
355,"APPLEBEE'S, chicken tenders, from kids' menu",36005,18.36,"Carbohydrate, by difference",205,g,6.43
356,"APPLEBEE'S, chili",36019,157.0,Energy,208,kcal,214
357,"APPLEBEE'S, chili",36019,2.27,"Sugars, total",269,g,3.09
358,"APPLEBEE'S, chili",36019,9.79,Total lipid (fat),204,g,13.31
359,"APPLEBEE'S, chili",36019,4.57,"Carbohydrate, by difference",205,g,6.22
360,"APPLEBEE'S, coleslaw",36021,120.0,Energy,208,kcal,91
361,"APPLEBEE'S, coleslaw",36021,9.33,"Sugars, total",269,g,7.09
362,"APPLEBEE'S, coleslaw",36021,7.09,Total lipid (fat),204,g,5.39
363,"APPLEBEE'S, coleslaw",36021,13.17,"Carbohydrate, by difference",205,g,10.01
364,"APPLEBEE'S, crunchy onion rings",36022,356.0,Energy,208,kcal,1246
365,"APPLEBEE'S, crunchy onion rings",36022,4.48,"Sugars, total",269,g,15.68
366,"APPLEBEE'S, crunchy onion rings",36022,19.61,Total lipid (fat),204,g,68.64
367,"APPLEBEE'S, crunchy onion rings",36022,40.17,"Carbohydrate, by difference",205,g,140.59
368,"APPLEBEE'S, Double Crunch Shrimp",36001,323.0,Energy,208,kcal,665
369,"APPLEBEE'S, Double Crunch Shrimp",36001,1.07,"Sugars, total",269,g,2.20
370,"APPLEBEE'S, Double Crunch Shrimp",36001,18.9,Total lipid (fat),204,g,38.93
371,"APPLEBEE'S, Double Crunch Shrimp",36001,25.96,"Carbohydrate, by difference",205,g,53.48
372,"APPLEBEE'S, fish, hand battered",36018,202.0,Energy,208,kcal,505
373,"APPLEBEE'S, fish, hand battered",36018,0.51,"Sugars, total",269,g,1.27
374,"APPLEBEE'S, fish, hand battered",36018,9.14,Total lipid (fat),204,g,22.85
375,"APPLEBEE'S, fish, hand battered",36018,16.65,"Carbohydrate, by difference",205,g,41.62
376,"APPLEBEE'S, french fries",36002,290.0,Energy,208,kcal,476
377,"APPLEBEE'S, french fries",36002,0.0,"Sugars, total",269,g,0.00
378,"APPLEBEE'S, french fries",36002,13.17,Total lipid (fat),204,g,21.60
379,"APPLEBEE'S, french fries",36002,39.5,"Carbohydrate, by difference",205,g,64.78
380,"APPLEBEE'S, KRAFT, Macaroni &amp; Cheese, from kid's menu",36003,143.0,Energy,208,kcal,177
381,"APPLEBEE'S, KRAFT, Macaroni &amp; Cheese, from kid's menu",36003,3.7,"Sugars, total",269,g,4.59
382,"APPLEBEE'S, KRAFT, Macaroni &amp; Cheese, from kid's menu",36003,4.34,Total lipid (fat),204,g,5.38
383,"APPLEBEE'S, KRAFT, Macaroni &amp; Cheese, from kid's menu",36003,21.08,"Carbohydrate, by difference",205,g,26.14
384,"APPLEBEE'S, mozzarella sticks",36004,316.0,Energy,208,kcal,101
385,"APPLEBEE'S, mozzarella sticks",36004,2.8,"Sugars, total",269,g,0.90
386,"APPLEBEE'S, mozzarella sticks",36004,18.37,Total lipid (fat),204,g,5.88
387,"APPLEBEE'S, mozzarella sticks",36004,22.87,"Carbohydrate, by difference",205,g,7.32
388,"Apples, canned, sweetened, sliced, drained, heated",09008,67.0,Energy,208,kcal,137
389,"Apples, canned, sweetened, sliced, drained, heated",09008,14.84,"Sugars, total",269,g,30.27
390,"Apples, canned, sweetened, sliced, drained, heated",09008,0.43,Total lipid (fat),204,g,0.88
391,"Apples, canned, sweetened, sliced, drained, heated",09008,16.84,"Carbohydrate, by difference",205,g,34.35
392,"Apples, canned, sweetened, sliced, drained, unheated",09007,67.0,Energy,208,kcal,137
393,"Apples, canned, sweetened, sliced, drained, unheated",09007,15.0,"Sugars, total",269,g,30.60
394,"Apples, canned, sweetened, sliced, drained, unheated",09007,0.49,Total lipid (fat),204,g,1.00
395,"Apples, canned, sweetened, sliced, drained, unheated",09007,16.7,"Carbohydrate, by difference",205,g,34.07
396,"Apples, dehydrated (low moisture), sulfured, stewed",09010,74.0,Energy,208,kcal,143
397,"Apples, dehydrated (low moisture), sulfured, stewed",09010,--,"Sugars, total",269,g,--
398,"Apples, dehydrated (low moisture), sulfured, stewed",09010,0.12,Total lipid (fat),204,g,0.23
399,"Apples, dehydrated (low moisture), sulfured, stewed",09010,19.91,"Carbohydrate, by difference",205,g,38.43
400,"Apples, dehydrated (low moisture), sulfured, uncooked",09009,346.0,Energy,208,kcal,208
401,"Apples, dehydrated (low moisture), sulfured, uncooked",09009,81.13,"Sugars, total",269,g,48.68
402,"Apples, dehydrated (low moisture), sulfured, uncooked",09009,0.58,Total lipid (fat),204,g,0.35
403,"Apples, dehydrated (low moisture), sulfured, uncooked",09009,93.53,"Carbohydrate, by difference",205,g,56.12
404,"Apples, dried, sulfured, stewed, with added sugar",09013,83.0,Energy,208,kcal,232
405,"Apples, dried, sulfured, stewed, with added sugar",09013,--,"Sugars, total",269,g,--
406,"Apples, dried, sulfured, stewed, with added sugar",09013,0.07,Total lipid (fat),204,g,0.20
407,"Apples, dried, sulfured, stewed, with added sugar",09013,20.73,"Carbohydrate, by difference",205,g,58.04
408,"Apples, dried, sulfured, stewed, without added sugar",09012,57.0,Energy,208,kcal,145
409,"Apples, dried, sulfured, stewed, without added sugar",09012,13.32,"Sugars, total",269,g,33.97
410,"Apples, dried, sulfured, stewed, without added sugar",09012,0.07,Total lipid (fat),204,g,0.18
411,"Apples, dried, sulfured, stewed, without added sugar",09012,15.32,"Carbohydrate, by difference",205,g,39.07
412,"Apples, dried, sulfured, uncooked",09011,243.0,Energy,208,kcal,209
413,"Apples, dried, sulfured, uncooked",09011,57.19,"Sugars, total",269,g,49.18
414,"Apples, dried, sulfured, uncooked",09011,0.32,Total lipid (fat),204,g,0.28
415,"Apples, dried, sulfured, uncooked",09011,65.89,"Carbohydrate, by difference",205,g,56.67
416,"Apples, frozen, unsweetened, heated",09015,47.0,Energy,208,kcal,97
417,"Apples, frozen, unsweetened, heated",09015,--,"Sugars, total",269,g,--
418,"Apples, frozen, unsweetened, heated",09015,0.33,Total lipid (fat),204,g,0.68
419,"Apples, frozen, unsweetened, heated",09015,12.0,"Carbohydrate, by difference",205,g,24.72
420,"Apples, frozen, unsweetened, unheated",09014,48.0,Energy,208,kcal,83
421,"Apples, frozen, unsweetened, unheated",09014,10.1,"Sugars, total",269,g,17.47
422,"Apples, frozen, unsweetened, unheated",09014,0.32,Total lipid (fat),204,g,0.55
423,"Apples, frozen, unsweetened, unheated",09014,12.31,"Carbohydrate, by difference",205,g,21.30
424,"Apples, raw, fuji, with skin",09504,63.0,Energy,208,kcal,69
425,"Apples, raw, fuji, with skin",09504,11.68,"Sugars, total",269,g,12.73
426,"Apples, raw, fuji, with skin",09504,0.18,Total lipid (fat),204,g,0.20
427,"Apples, raw, fuji, with skin",09504,15.22,"Carbohydrate, by difference",205,g,16.59
428,"Apples, raw, gala, with skin",09503,57.0,Energy,208,kcal,62
429,"Apples, raw, gala, with skin",09503,10.37,"Sugars, total",269,g,11.30
430,"Apples, raw, gala, with skin",09503,0.12,Total lipid (fat),204,g,0.13
431,"Apples, raw, gala, with skin",09503,13.68,"Carbohydrate, by difference",205,g,14.91
432,"Apples, raw, golden delicious, with skin",09501,57.0,Energy,208,kcal,62
433,"Apples, raw, golden delicious, with skin",09501,10.04,"Sugars, total",269,g,10.94
434,"Apples, raw, golden delicious, with skin",09501,0.15,Total lipid (fat),204,g,0.16
435,"Apples, raw, golden delicious, with skin",09501,13.6,"Carbohydrate, by difference",205,g,14.82
436,"Apples, raw, granny smith, with skin",09502,58.0,Energy,208,kcal,63
437,"Apples, raw, granny smith, with skin",09502,9.59,"Sugars, total",269,g,10.45
438,"Apples, raw, granny smith, with skin",09502,0.19,Total lipid (fat),204,g,0.21
439,"Apples, raw, granny smith, with skin",09502,13.61,"Carbohydrate, by difference",205,g,14.83
440,"Apples, raw, red delicious, with skin",09500,59.0,Energy,208,kcal,64
441,"Apples, raw, red delicious, with skin",09500,10.48,"Sugars, total",269,g,11.42
442,"Apples, raw, red delicious, with skin",09500,0.2,Total lipid (fat),204,g,0.22
443,"Apples, raw, red delicious, with skin",09500,14.06,"Carbohydrate, by difference",205,g,15.33
444,"Apples, raw, with skin",09003,52.0,Energy,208,kcal,65
445,"Apples, raw, with skin",09003,10.39,"Sugars, total",269,g,12.99
446,"Apples, raw, with skin",09003,0.17,Total lipid (fat),204,g,0.21
447,"Apples, raw, with skin",09003,13.81,"Carbohydrate, by difference",205,g,17.26
448,"Apples, raw, without skin",09004,48.0,Energy,208,kcal,53
449,"Apples, raw, without skin",09004,10.1,"Sugars, total",269,g,11.11
450,"Apples, raw, without skin",09004,0.13,Total lipid (fat),204,g,0.14
451,"Apples, raw, without skin",09004,12.76,"Carbohydrate, by difference",205,g,14.04
452,"Apples, raw, without skin, cooked, boiled",09005,53.0,Energy,208,kcal,91
453,"Apples, raw, without skin, cooked, boiled",09005,11.01,"Sugars, total",269,g,18.83
454,"Apples, raw, without skin, cooked, boiled",09005,0.36,Total lipid (fat),204,g,0.62
455,"Apples, raw, without skin, cooked, boiled",09005,13.64,"Carbohydrate, by difference",205,g,23.32
456,"Apples, raw, without skin, cooked, microwave",09006,56.0,Energy,208,kcal,95
457,"Apples, raw, without skin, cooked, microwave",09006,11.61,"Sugars, total",269,g,19.74
458,"Apples, raw, without skin, cooked, microwave",09006,0.42,Total lipid (fat),204,g,0.71
459,"Apples, raw, without skin, cooked, microwave",09006,14.41,"Carbohydrate, by difference",205,g,24.50
460,"Applesauce, canned, sweetened, with salt",09402,76.0,Energy,208,kcal,194
461,"Applesauce, canned, sweetened, with salt",09402,--,"Sugars, total",269,g,--
462,"Applesauce, canned, sweetened, with salt",09402,0.18,Total lipid (fat),204,g,0.46
463,"Applesauce, canned, sweetened, with salt",09402,19.91,"Carbohydrate, by difference",205,g,50.77
464,"Applesauce, canned, sweetened, without salt (includes USDA commodity)",09020,68.0,Energy,208,kcal,167
465,"Applesauce, canned, sweetened, without salt (includes USDA commodity)",09020,14.67,"Sugars, total",269,g,36.09
466,"Applesauce, canned, sweetened, without salt (includes USDA commodity)",09020,0.17,Total lipid (fat),204,g,0.42
467,"Applesauce, canned, sweetened, without salt (includes USDA commodity)",09020,17.49,"Carbohydrate, by difference",205,g,43.03
468,"Applesauce, canned, unsweetened, with added ascorbic acid",09401,42.0,Energy,208,kcal,102
469,"Applesauce, canned, unsweetened, with added ascorbic acid",09401,9.39,"Sugars, total",269,g,22.91
470,"Applesauce, canned, unsweetened, with added ascorbic acid",09401,0.1,Total lipid (fat),204,g,0.24
471,"Applesauce, canned, unsweetened, with added ascorbic acid",09401,11.27,"Carbohydrate, by difference",205,g,27.50
472,"Applesauce, canned, unsweetened, without added ascorbic acid (includes USDA commodity)",09019,42.0,Energy,208,kcal,102
473,"Applesauce, canned, unsweetened, without added ascorbic acid (includes USDA commodity)",09019,9.39,"Sugars, total",269,g,22.91
474,"Applesauce, canned, unsweetened, without added ascorbic acid (includes USDA commodity)",09019,0.1,Total lipid (fat),204,g,0.24
475,"Applesauce, canned, unsweetened, without added ascorbic acid (includes USDA commodity)",09019,11.27,"Carbohydrate, by difference",205,g,27.50
476,"Apricot nectar, canned, with added ascorbic acid",09403,56.0,Energy,208,kcal,141
477,"Apricot nectar, canned, with added ascorbic acid",09403,13.24,"Sugars, total",269,g,33.23
478,"Apricot nectar, canned, with added ascorbic acid",09403,0.09,Total lipid (fat),204,g,0.23
479,"Apricot nectar, canned, with added ascorbic acid",09403,14.39,"Carbohydrate, by difference",205,g,36.12
480,"Apricot nectar, canned, without added ascorbic acid",09036,56.0,Energy,208,kcal,141
481,"Apricot nectar, canned, without added ascorbic acid",09036,13.79,"Sugars, total",269,g,34.61
482,"Apricot nectar, canned, without added ascorbic acid",09036,0.09,Total lipid (fat),204,g,0.23
483,"Apricot nectar, canned, without added ascorbic acid",09036,14.39,"Carbohydrate, by difference",205,g,36.12
484,"Apricots, canned, extra heavy syrup pack, without skin, solids and liquids",09029,96.0,Energy,208,kcal,236
485,"Apricots, canned, extra heavy syrup pack, without skin, solids and liquids",09029,--,"Sugars, total",269,g,--
486,"Apricots, canned, extra heavy syrup pack, without skin, solids and liquids",09029,0.04,Total lipid (fat),204,g,0.10
487,"Apricots, canned, extra heavy syrup pack, without skin, solids and liquids",09029,24.85,"Carbohydrate, by difference",205,g,61.13
488,"Apricots, canned, extra light syrup pack, with skin, solids and liquids",09025,49.0,Energy,208,kcal,121
489,"Apricots, canned, extra light syrup pack, with skin, solids and liquids",09025,--,"Sugars, total",269,g,--
490,"Apricots, canned, extra light syrup pack, with skin, solids and liquids",09025,0.1,Total lipid (fat),204,g,0.25
491,"Apricots, canned, extra light syrup pack, with skin, solids and liquids",09025,12.5,"Carbohydrate, by difference",205,g,30.88
492,"Apricots, canned, heavy syrup pack, with skin, solids and liquids",09027,83.0,Energy,208,kcal,214
493,"Apricots, canned, heavy syrup pack, with skin, solids and liquids",09027,19.87,"Sugars, total",269,g,51.26
494,"Apricots, canned, heavy syrup pack, with skin, solids and liquids",09027,0.08,Total lipid (fat),204,g,0.21
495,"Apricots, canned, heavy syrup pack, with skin, solids and liquids",09027,21.47,"Carbohydrate, by difference",205,g,55.39
496,"Apricots, canned, heavy syrup pack, without skin, solids and liquids",09028,83.0,Energy,208,kcal,214
497,"Apricots, canned, heavy syrup pack, without skin, solids and liquids",09028,--,"Sugars, total",269,g,--
498,"Apricots, canned, heavy syrup pack, without skin, solids and liquids",09028,0.09,Total lipid (fat),204,g,0.23
499,"Apricots, canned, heavy syrup pack, without skin, solids and liquids",09028,21.45,"Carbohydrate, by difference",205,g,55.34
500,"Apricots, canned, heavy syrup, drained",09357,83.0,Energy,208,kcal,182
501,"Apricots, canned, heavy syrup, drained",09357,18.65,"Sugars, total",269,g,40.84
502,"Apricots, canned, heavy syrup, drained",09357,0.11,Total lipid (fat),204,g,0.24
503,"Apricots, canned, heavy syrup, drained",09357,21.31,"Carbohydrate, by difference",205,g,46.67
504,"Apricots, canned, juice pack, with skin, solids and liquids",09024,48.0,Energy,208,kcal,117
505,"Apricots, canned, juice pack, with skin, solids and liquids",09024,10.74,"Sugars, total",269,g,26.21
506,"Apricots, canned, juice pack, with skin, solids and liquids",09024,0.04,Total lipid (fat),204,g,0.10
507,"Apricots, canned, juice pack, with skin, solids and liquids",09024,12.34,"Carbohydrate, by difference",205,g,30.11
508,"Apricots, canned, light syrup pack, with skin, solids and liquids",09026,63.0,Energy,208,kcal,159
509,"Apricots, canned, light syrup pack, with skin, solids and liquids",09026,14.89,"Sugars, total",269,g,37.67
510,"Apricots, canned, light syrup pack, with skin, solids and liquids",09026,0.05,Total lipid (fat),204,g,0.13
511,"Apricots, canned, light syrup pack, with skin, solids and liquids",09026,16.49,"Carbohydrate, by difference",205,g,41.72
512,"Apricots, canned, water pack, with skin, solids and liquids",09022,27.0,Energy,208,kcal,66
513,"Apricots, canned, water pack, with skin, solids and liquids",09022,4.79,"Sugars, total",269,g,11.64
514,"Apricots, canned, water pack, with skin, solids and liquids",09022,0.16,Total lipid (fat),204,g,0.39
515,"Apricots, canned, water pack, with skin, solids and liquids",09022,6.39,"Carbohydrate, by difference",205,g,15.53
516,"Apricots, canned, water pack, without skin, solids and liquids",09023,22.0,Energy,208,kcal,50
517,"Apricots, canned, water pack, without skin, solids and liquids",09023,--,"Sugars, total",269,g,--
518,"Apricots, canned, water pack, without skin, solids and liquids",09023,0.03,Total lipid (fat),204,g,0.07
519,"Apricots, canned, water pack, without skin, solids and liquids",09023,5.48,"Carbohydrate, by difference",205,g,12.44
520,"Apricots, dehydrated (low-moisture), sulfured, stewed",09031,126.0,Energy,208,kcal,314
521,"Apricots, dehydrated (low-moisture), sulfured, stewed",09031,--,"Sugars, total",269,g,--
522,"Apricots, dehydrated (low-moisture), sulfured, stewed",09031,0.24,Total lipid (fat),204,g,0.60
523,"Apricots, dehydrated (low-moisture), sulfured, stewed",09031,32.62,"Carbohydrate, by difference",205,g,81.22
524,"Apricots, dehydrated (low-moisture), sulfured, uncooked",09030,320.0,Energy,208,kcal,381
525,"Apricots, dehydrated (low-moisture), sulfured, uncooked",09030,--,"Sugars, total",269,g,--
526,"Apricots, dehydrated (low-moisture), sulfured, uncooked",09030,0.62,Total lipid (fat),204,g,0.74
527,"Apricots, dehydrated (low-moisture), sulfured, uncooked",09030,82.89,"Carbohydrate, by difference",205,g,98.64
528,"Apricots, dried, sulfured, stewed, with added sugar",09034,113.0,Energy,208,kcal,305
529,"Apricots, dried, sulfured, stewed, with added sugar",09034,--,"Sugars, total",269,g,--
530,"Apricots, dried, sulfured, stewed, with added sugar",09034,0.15,Total lipid (fat),204,g,0.41
531,"Apricots, dried, sulfured, stewed, with added sugar",09034,29.26,"Carbohydrate, by difference",205,g,79.00
532,"Apricots, dried, sulfured, stewed, without added sugar",09033,85.0,Energy,208,kcal,212
533,"Apricots, dried, sulfured, stewed, without added sugar",09033,19.57,"Sugars, total",269,g,48.92
534,"Apricots, dried, sulfured, stewed, without added sugar",09033,0.18,Total lipid (fat),204,g,0.45
535,"Apricots, dried, sulfured, stewed, without added sugar",09033,22.15,"Carbohydrate, by difference",205,g,55.38
536,"Apricots, dried, sulfured, uncooked",09032,241.0,Energy,208,kcal,313
537,"Apricots, dried, sulfured, uncooked",09032,53.44,"Sugars, total",269,g,69.47
538,"Apricots, dried, sulfured, uncooked",09032,0.51,Total lipid (fat),204,g,0.66
539,"Apricots, dried, sulfured, uncooked",09032,62.64,"Carbohydrate, by difference",205,g,81.43
540,"Apricots, frozen, sweetened",09035,98.0,Energy,208,kcal,237
541,"Apricots, frozen, sweetened",09035,--,"Sugars, total",269,g,--
542,"Apricots, frozen, sweetened",09035,0.1,Total lipid (fat),204,g,0.24
543,"Apricots, frozen, sweetened",09035,25.1,"Carbohydrate, by difference",205,g,60.74
544,"Apricots, raw",09021,48.0,Energy,208,kcal,74
545,"Apricots, raw",09021,9.24,"Sugars, total",269,g,14.32
546,"Apricots, raw",09021,0.39,Total lipid (fat),204,g,0.60
547,"Apricots, raw",09021,11.12,"Carbohydrate, by difference",205,g,17.24
548,"ARBY'S, roast beef sandwich, classic",21527,242.0,Energy,208,kcal,361
549,"ARBY'S, roast beef sandwich, classic",21527,3.84,"Sugars, total",269,g,5.72
550,"ARBY'S, roast beef sandwich, classic",21527,10.3,Total lipid (fat),204,g,15.35
551,"ARBY'S, roast beef sandwich, classic",21527,22.21,"Carbohydrate, by difference",205,g,33.09
552,"ARCHWAY Home Style Cookies, Chocolate Chip Ice Box",18522,497.0,Energy,208,kcal,119
553,"ARCHWAY Home Style Cookies, Chocolate Chip Ice Box",18522,34.06,"Sugars, total",269,g,8.17
554,"ARCHWAY Home Style Cookies, Chocolate Chip Ice Box",18522,24.4,Total lipid (fat),204,g,5.86
555,"ARCHWAY Home Style Cookies, Chocolate Chip Ice Box",18522,65.02,"Carbohydrate, by difference",205,g,15.60
556,"ARCHWAY Home Style Cookies, Coconut Macaroon",18524,460.0,Energy,208,kcal,101
557,"ARCHWAY Home Style Cookies, Coconut Macaroon",18524,45.16,"Sugars, total",269,g,9.94
558,"ARCHWAY Home Style Cookies, Coconut Macaroon",18524,22.55,Total lipid (fat),204,g,4.96
559,"ARCHWAY Home Style Cookies, Coconut Macaroon",18524,61.23,"Carbohydrate, by difference",205,g,13.47
560,"ARCHWAY Home Style Cookies, Date Filled Oatmeal",18527,400.0,Energy,208,kcal,100
561,"ARCHWAY Home Style Cookies, Date Filled Oatmeal",18527,34.27,"Sugars, total",269,g,8.57
562,"ARCHWAY Home Style Cookies, Date Filled Oatmeal",18527,12.05,Total lipid (fat),204,g,3.01
563,"ARCHWAY Home Style Cookies, Date Filled Oatmeal",18527,68.16,"Carbohydrate, by difference",205,g,17.04
564,"ARCHWAY Home Style Cookies, Dutch Cocoa",18528,431.0,Energy,208,kcal,103
565,"ARCHWAY Home Style Cookies, Dutch Cocoa",18528,35.35,"Sugars, total",269,g,8.48
566,"ARCHWAY Home Style Cookies, Dutch Cocoa",18528,14.99,Total lipid (fat),204,g,3.60
567,"ARCHWAY Home Style Cookies, Dutch Cocoa",18528,69.44,"Carbohydrate, by difference",205,g,16.67
568,"ARCHWAY Home Style Cookies, Frosty Lemon",18529,430.0,Energy,208,kcal,112
569,"ARCHWAY Home Style Cookies, Frosty Lemon",18529,33.35,"Sugars, total",269,g,8.67
570,"ARCHWAY Home Style Cookies, Frosty Lemon",18529,17.11,Total lipid (fat),204,g,4.45
571,"ARCHWAY Home Style Cookies, Frosty Lemon",18529,64.78,"Carbohydrate, by difference",205,g,16.84
572,"ARCHWAY Home Style Cookies, Iced Molasses",18532,420.0,Energy,208,kcal,118
573,"ARCHWAY Home Style Cookies, Iced Molasses",18532,38.43,"Sugars, total",269,g,10.76
574,"ARCHWAY Home Style Cookies, Iced Molasses",18532,14.43,Total lipid (fat),204,g,4.04
575,"ARCHWAY Home Style Cookies, Iced Molasses",18532,69.12,"Carbohydrate, by difference",205,g,19.35
576,"ARCHWAY Home Style Cookies, Iced Oatmeal",18533,435.0,Energy,208,kcal,122
577,"ARCHWAY Home Style Cookies, Iced Oatmeal",18533,37.2,"Sugars, total",269,g,10.42
578,"ARCHWAY Home Style Cookies, Iced Oatmeal",18533,16.53,Total lipid (fat),204,g,4.63
579,"ARCHWAY Home Style Cookies, Iced Oatmeal",18533,66.76,"Carbohydrate, by difference",205,g,18.69
580,"ARCHWAY Home Style Cookies, Molasses",18535,403.0,Energy,208,kcal,105
581,"ARCHWAY Home Style Cookies, Molasses",18535,36.35,"Sugars, total",269,g,9.45
582,"ARCHWAY Home Style Cookies, Molasses",18535,12.06,Total lipid (fat),204,g,3.14
583,"ARCHWAY Home Style Cookies, Molasses",18535,69.41,"Carbohydrate, by difference",205,g,18.05
584,"ARCHWAY Home Style Cookies, Oatmeal",18537,421.0,Energy,208,kcal,105
585,"ARCHWAY Home Style Cookies, Oatmeal",18537,34.5,"Sugars, total",269,g,8.62
586,"ARCHWAY Home Style Cookies, Oatmeal",18537,14.08,Total lipid (fat),204,g,3.52
587,"ARCHWAY Home Style Cookies, Oatmeal",18537,68.17,"Carbohydrate, by difference",205,g,17.04
588,"ARCHWAY Home Style Cookies, Oatmeal Raisin",18538,406.0,Energy,208,kcal,106
589,"ARCHWAY Home Style Cookies, Oatmeal Raisin",18538,39.55,"Sugars, total",269,g,10.28
590,"ARCHWAY Home Style Cookies, Oatmeal Raisin",18538,12.08,Total lipid (fat),204,g,3.14
591,"ARCHWAY Home Style Cookies, Oatmeal Raisin",18538,69.27,"Carbohydrate, by difference",205,g,18.01
592,"ARCHWAY Home Style Cookies, Old Fashioned Molasses",18539,406.0,Energy,208,kcal,106
593,"ARCHWAY Home Style Cookies, Old Fashioned Molasses",18539,36.09,"Sugars, total",269,g,9.38
594,"ARCHWAY Home Style Cookies, Old Fashioned Molasses",18539,11.83,Total lipid (fat),204,g,3.08
595,"ARCHWAY Home Style Cookies, Old Fashioned Molasses",18539,70.55,"Carbohydrate, by difference",205,g,18.34
596,"ARCHWAY Home Style Cookies, Old Fashioned Windmill Cookies",18540,468.0,Energy,208,kcal,94
597,"ARCHWAY Home Style Cookies, Old Fashioned Windmill Cookies",18540,32.64,"Sugars, total",269,g,6.53
598,"ARCHWAY Home Style Cookies, Old Fashioned Windmill Cookies",18540,17.55,Total lipid (fat),204,g,3.51
599,"ARCHWAY Home Style Cookies, Old Fashioned Windmill Cookies",18540,72.23,"Carbohydrate, by difference",205,g,14.45
